substrate_mM,replicate,velocity_umol_min
0,1,0.1
0,2,0.0
0,3,-0.1
0.5,1,19.7
0.5,2,20.1
0.5,3,20.2
1,1,33.985714
1,2,34.385714
1,3,34.485714
2,1,53.033333
2,2,53.433333
2,3,53.533333
4,1,73.546154
4,2,73.946154
4,3,74.046154
8,1,91.128571
8,2,91.528571
8,3,91.628571
16,1,103.483784
16,2,103.883784
16,3,103.983784
